101565,SAMBAL INDOFOOD ASAM MANIS PVC48X140ML
101610,SAMBAL IF LAMPUNG BOTOL 24X340ML
101619,SAMBAL IF PEDAS BOTOL PVC 48X140ML
101621,SAMBAL IF PEDAS BOTOL BESAR24X340ML
101629,SAMBAL IF PEDAS JERIGEN 1X25KG
101632,SAMBAL IF PEDAS MANIS PET 48X140ML
101634,SAMBAL IF PEDAS MANIS BOTOL24X340ML
101638,SAMBAL IF SEAFOOD 48X140ML
101645,SAMBAL IF EKS PDS BTL PVC 48X140ML
101646,SAMBAL IF EKSTRA PEDAS BOTOL 24X340ML
101647,SAMBAL IF BNG/A MNS BTL BSR 24X340
101654,SAUS TOMAT IF SACH 10GR ISI20X25X10ML
101655,SAUS TOMAT IF BOTOL PVC 48X140ML
101657,SAUS TOMAT IF 24X340ML
101660,SAOS TOMAT IF JERIGEN 1X25kg
101684,KECAP IF MANIS BOTOL PVC 140
101696,KECAP IF MANIS JERIGEN 1X25KG
101712,KECAP IF ASIN BOTOL PVC 48X140ML
101734,KECAP PL MANIS JERIGEN 1X25KG
101777,BUMBU INSTANT NASI GORENG6X24X50GR
103007,"BUMBU KALDU AYAM 24X12X12,5GR"
103008,"BUMBU KALDU SAPI 24X12X12,5GR"
103069,KECAP ASIN IF SPESIAL PET 140
103658,BUMBU KENTANG GORENG RASA PEDASMANIS
103660,BUMBU KENTANG BARBEQUE 4X12X25GR
106144,SAMBAL PEDAS IF SACHET 21X24X10ML
106281,KECAP IF MANIS REFILL 12X600ML
106349,MAGGI CHICKEN CUBE 24X25X4GR
106989,TEH SEDAP WANGI 24X25
107012,MARGARIN SIMAS 5KG
107161,"MAGGI CHICKEN POWDER 6X1,2KG"
107437,GARAM MEJA REFINA REF 250GRX40
107545,MAGGI SEASONING 6X800ML
107546,MAGGI OYSTER SAUCE 24X340G ID
107547,MAGGI SEASONING 24X200ML
107785,SAMBAL IF PEDAS TANGGUNG 24X275ML
107940,BUMBU KALDU AYAM 25XIKG POUCH
107941,BUMBU KALDU SAPI 25X1KG POUCH
108058,KECAP HITAM PL MANIS 12X600ML
108307,KRIMER KENTAL MANIS CAP ENAAKPLAIN 48X385G
108308,KRIMER KENTAL MANIS CAP ENAAKCHOCO 48X385G
109116,RACIK BUMBU GORENG (Tempe)
109256,MAGGI BEEF CUBE 30(50X4G)
110037,BUMBU RACIK AYAM GORENG
110038,BUMBU RACIK TUMIS
110040,BUMBU RACIK NASI GORENG
110041,BUMBU RACIK SAYUR ASAM 200X33gr
110065,SAMBAL IF PEDAS SCH RENCENG14X36X10ML
110451,SAOS TOMAT TANGGUNG 24X275ML
111647,BUTTER ORCHID UNSALT RECOMB 10G
119115,BUMBU RACIK SAYUR SOP 20X10X20GR
119439,BUMBU INSTANT SOTO 6X24X50GR
119444,BUMBU RAWON MHT
119445,BUMBU KARE MHT
119447,BUMBU INSTANT NASI GORENG PEDAS6X24X50GR
120160,SAMBAL INDOFOOD PEDAS GALONKARTON 1X6KG
120161,SAMBAL IF BANGKOK GALON 6KG
120162,SAOS TOMAT INDOFOOD GALON KARTON1X6KG
120163,KECAP INDOFOOD MANIS GALON 4X6KG
120164,KECAP PIRING LOMBOK MANIS GALON4X6KG
120687,KECAP PL MANIS BOTOL BESAR12X600ML
120918,BUTTER AUSTRALIAN BUTTER UNSALTED10KG
121015,KECAP IF MANIS BOTOL 12X615ML
122934,SAMBAL PEDAS PL SACHET 40X24X10ML
123036,BUMBU RACIK IKAN GORENG
125955,SIKAT SERBAGUNA BERGAGANG
125957,SIKAT LANTAI PAD
125987,SARUNG TANGAN LUAR RUANGAN SML
125990,LAP KACA MICROFIBER
125991,LAP DAPUR MICROFIBER
125992,LAP ALAT MAKAN MICROFIBER
126003,SABUT SPONS HIJAU 3X4 INCH 3 PAD
126011,SPONS PENGHAPUS NODA
ID11,SABUT HIJAU 3X4 INCH
FH1,FATIGON HYDRO ORIGINAL 24X250ML
FH2,FATIGON HYDRO ORANGE 24X250ML
FW2,FRAIS WELL JRG 4X5000ML
TB1,TYPCO BROCCOLI 24X200ML
TK1,TYPCO KIWI 24X200ML
TM1,TYPCO MIXED VEGGIE 24x200ML
TS1,TYPCO SHOGUN ORANGE 24x200ML
101128,MSG 1kg M (3PX4B)-PROMOSI
101165,250GR M MWN
105044,MSG 1000GR MIWON PLUS SS
200500,HALLOW NETRAL 7GR
200812,KOPI GINSENG (GST) 20GR
200833,KOPI GINSENG (SP) 20GR
270011,TPG.BUMBU 250GR
270012,TPG.BUMBU 1KG
270034,TPG.BUMBU 85GR
270306,TPG.ROTI(NEW) 100GR
270322,TPG.ROTI(NEW) 1000GR
270441,TP.PISANG GORENG 250GR
300510,MIWON GARAM GURIH 12X1000GR
400417,TERASI (32X20) 5GR
400430,TERASI 100GR
400459,TERASI (JUANA) 90GR
400460,TERASI YN 20X250GR
600651,MAYONNAISE MAMASUKA 500GR
600729,MAYONNAISE MAMASUKA 300GR
600750,MAYONNAISE MAMASUKA 1KG
1100,SAVORI CHICKEN POWDER 6X750GR
1102,SAVORI CHICKEN POWDER NON MSG25X1KG
1200,SAVORI BEEF POWDER 6X750GR
12001,BALADO SEASONING 016 O
12003,BALADO SEASONING 016 P
12005,BALADO SEASONING 016 PAAE
1200B,SAVORI BEEF POWDER 1X25KG
1202,SAVORI BEEF POWDER NON MSG25X1KG
1300,MOMASA BUMBU KALDU RASAAYAM6X1KG
1301,MOMASA BUMBU KALDU RASA AYAMTANPA MSG 6X1KG
1400,MOMASA BUMBU KALDU RASA SAPI6X1KG
1401,MOMASA BUMBU KALDU RASA SAPITANPA MSG 6X1KG
14024,CHILI SEASONING CHS 010
14043,CHEESE SEASONING CS 024
15004,BUMBU AYAM GORENG TEPUNG50X500GR
15005,PERENYAH 250X100GR
1501,SMOKEY BARBEQUE SAUCE 6X1KG
1502,SOY HONEY GARLIC SAUCE 6X1KG
15020,BUMBU SOP 25X1KG
15025,TEPUNG KREMES 40X500GR
1503,BLACK PEPPER SAUCE 6X1KG
1504A,GARLIC POWDER TYPE II 20X1KG
904022,BUMBU AYAM GORENG PEDAS 25X1KG
904023,SAVORY TEPUNG TEMPURA 50X400GR
904029,SAVORI TERIYAKI SAUCE 6X1KG
904033,SAVORY DEMIGLACE SAUCE 6X750GR
904035,BUMBU KUAH BAKSO TYPE F 25X1KG
960108,BUMBU AYAM GORENGTEPUNG/KRITING(30X500GRAM)
960422,BUMBU AYAM GORENG UNGKEP 6X1KG
STY1,SAVORY TOMYAM PASTE 6X750GR
20061392,KNORR KUAH BAKSO 36X100GR
20061394,KNORR REFILL CHICKEN POWDER 6X1KG
20061395,KNORR BUMBU PELEZAT RASA AYAMROSTIP 6X1KG
20077673,BEST FOODS REAL MAYONNAISE 4X3LTR
20081865,BUAVITA ORANGE 12X1000ML
20081902,BUAVITA APPLE 12X1000ML
20082206,BUAVITA SOURSOP 24X250ML
20082207,BUAVITA LYCHE 24X250ML
20082312,BUAVITA APPLE 24X250ML
20082313,BUAVITA MANGO 24X250ML
20082314,BUAVITA GUAVA 24X250ML
20082317,BUAVITA ORANGE 24X250ML
20091128,KNORR PASTE BEEF STOCK 6X1.5KG
20091739,KNORR PASTE TOMYAM 6X1.5KG
20092262,KNORR CHEESE SAUCE 6X750GR
20092263,KNORR CARBONARA SAUCE 6X750GR
20093427,KNORR DEMI GLACE BROWN SAUCE6X1KG
20093517,KNORR CREAM OF CHICKEN SOUP 6X1KG
20093518,KNORR CREAM OF CORN SOUP 6X1KG
20093521,KNORR BEEF SEASONING POWDER6X1KG
20094051,KNORR CHICKEN POWDER 6X1KG
20203177,KNORR CREAM OF SOUP BASE 6X1KG
20303913,KNORR WHITE SAUCE 6X850GR
20304595,KNORR SAUCE MIX NAPOLI TOMATO6X750GR 
62009021,KNORR BBQ SAUCE 6X1KG
62009041,BEST FOODS THOUSAND ISLAND6X2.4LTR
62009043,LADYS CHOICE MAYO MAGIC 12X1L
62009052,LADYS CHOICE MAYO MAGIC 4X3L
62009053,KNORR TOMATO PRONTO SAUCE 2KG
62009092,KNORR CHICKEN POWDER NO MSG6X1KG
62009099,ROYCO BEEF POWDER 6X1KG
62009100,KNORR BLACK PEPPER 6X1KG
62009113,PFANNI PUREE FLOCKEN 4KG
62009121,KNORR SEASONED TENDERIZER24X125GR
62009125,KNORR CHICKEN POWDER HK 6X1KG
62009126,KNORR TERIYAKI SAUCE 6X1KG
62009127,KNORR OYSTER FLAV.SAUCE 6X1KG
62009134,KNORR KUAH BAKSO 8GR
62009160,KNORR MARINADE SEASONING24X250GR
62009161,KNORR TEMPURA FLOUR 6X0.9KG
62009168,KNORR BUMBU NASI GORENG 8GR
62009169,KNORR LIME FLAVOURED POWDER12X400GR
62009170,SARIWANGI JUMBO POTBAG
62009269,SKIPPY CREAMY 12X340GR
62009270,SKIPPY CREAMY 12X500GR
62009272,SKIPPY CHUNKY 12X340GR
62009273,SKIPPY CHUNKY 12X500GR
62010001,BANGO MANIS BOTOL BELING 12X620ML
62010013,BANGO MANIS JERIGEN 5
62010050,BANGO MANIS REFILL 12X600ML
62019206,ROYCO BUMBU TEPUNG GORENGSERBAGUNA 24X250GR
62019262,BLUE BAND PASTRY FAT 15KG
62019263,BLUE BAND CAKE MARGARINE 15KG
62019264,BLUE BAND GOLD MARGARINE 15KG
62019269,BLUE BAND WHITE CREAM FAT 15KG
62019338,BLUE BAND BOX 4X4.5KG
62019363,ICE TEA MIX-LEMON 12X625GR
62019387,YELLOW LABEL 100 NON ENV
62019422,MINYAK SAMIN 6X2KG
62019435,BLUE BAND TIN 6X2KG
62019505,ROYCO CHICKEN 6X1KG
62019516,YELLOW LABEL 100 ENV
62019565,SARIWANGI TB 50
62019566,SARIWANGI TB 25
62019567,SARIWANGI TB 100
62019638,ROYCO BEEF 720X8GR
62019639,ROYCO CHICKEN 720X8GR
62019675,FRYTOL (DEEP FRIED) 18KG
62052260,LIPTON ENV E.BFAST
62052261,LIPTON ENV DARJEELING
62052262,LIPTON ENV EARL GREY
62052263,LIPTON ENV CHAMOMILE
62052264,LIPTON ENV PPMINT
62052267,LIPTON ENV JASMINE
62060003,BUAVITA MANGO 12X1000ML
FW1,FRAIS WELL 18LTR
FW3,FRAIS WEEL JRG 18 LTR
FW4,FRAIS WELL REF 12X1000ML
TP1,TROPICAL JRG 18L
